AMPHIBIA_ANURA_RANIDAE_Amolops_gerbillus	AMPHIBIA_ANURA_RANIDAE_Rana_gerbillus
AMPHIBIA_ANURA_RANIDAE_Amolops_kaulbacki	AMPHIBIA_ANURA_RANIDAE_Amolops_kaulbacki
AMPHIBIA_ANURA_RANIDAE_Amolops_longimanus	AMPHIBIA_ANURA_RANIDAE_Amolops_longimanus
AMPHIBIA_ANURA_RANIDAE_Amolops_minutus	AMPHIBIA_ANURA_RANIDAE_Amolops_minutus
AMPHIBIA_ANURA_RHACOPHORIDAE_Buergeria_choui	AMPHIBIA_ANURA_RHACOPHORIDAE_Buergeria_choui
AMPHIBIA_ANURA_BUFONIDAE_Bufo_ailaoanus	AMPHIBIA_ANURA_BUFONIDAE_Torrentophryne_ailaoanus
AMPHIBIA_ANURA_BUFONIDAE_Bufo_luchunnicus	AMPHIBIA_ANURA_BUFONIDAE_Torrentophryne_luchunnica
AMPHIBIA_ANURA_BUFONIDAE_Bufo_menglianus	AMPHIBIA_ANURA_BUFONIDAE_Torrentophryne_mengliana
AMPHIBIA_CAUDATA_SALAMANDRIDAE_Cynops_chenggongensis	AMPHIBIA_CAUDATA_SALAMANDRIDAE_Hypselotriton_chenggongensis
AMPHIBIA_CAUDATA_SALAMANDRIDAE_Cynops_wolterstorffi	AMPHIBIA_CAUDATA_SALAMANDRIDAE_Hypselotriton_wolterstorffi
AMPHIBIA_CAUDATA_SALAMANDRIDAE_Cynops_wolterstorffi	AMPHIBIA_CAUDATA_SALAMANDRIDAE_Molge_wolterstorffi
AMPHIBIA_CAUDATA_SALAMANDRIDAE_Cynops_yunnanensis	AMPHIBIA_CAUDATA_SALAMANDRIDAE_Cynops_cyanurus
AMPHIBIA_CAUDATA_SALAMANDRIDAE_Cynops_yunnanensis	AMPHIBIA_CAUDATA_SALAMANDRIDAE_Hypselotriton_yunnanensis
AMPHIBIA_ANURA_RHACOPHORIDAE_Feihyla_fuhua	AMPHIBIA_ANURA_RHACOPHORIDAE_Feihyla_fuhua
AMPHIBIA_ANURA_RANIDAE_Hylarana_margariana	AMPHIBIA_ANURA_RANIDAE_Rana_margariana
AMPHIBIA_ANURA_DICROGLOSSIDAE_Ingerana_reticulata	AMPHIBIA_ANURA_DICROGLOSSIDAE_Platymantis_reticulatus
AMPHIBIA_ANURA_BUFONIDAE_Ingerophrynus_ledongensis	AMPHIBIA_ANURA_BUFONIDAE_Bufo_ledongensis
AMPHIBIA_ANURA_MEGOPHRYIDAE_Leptobrachella_maoershanensis	AMPHIBIA_ANURA_MEGOPHRYIDAE_Leptolalax_maoershanensis
AMPHIBIA_ANURA_MEGOPHRYIDAE_Leptobrachella_purpura	AMPHIBIA_ANURA_MEGOPHRYIDAE_Leptolalax_purpurus
AMPHIBIA_ANURA_MEGOPHRYIDAE_Leptobrachella_sungi	AMPHIBIA_ANURA_MEGOPHRYIDAE_Leptolalax_sungi
AMPHIBIA_ANURA_MEGOPHRYIDAE_Leptobrachella_tengchongensis	AMPHIBIA_ANURA_MEGOPHRYIDAE_Leptolalax_tengchongensis
AMPHIBIA_ANURA_DICROGLOSSIDAE_Limnonectes_liui	AMPHIBIA_ANURA_DICROGLOSSIDAE_Ingerana_liui
AMPHIBIA_ANURA_DICROGLOSSIDAE_Limnonectes_liui	AMPHIBIA_ANURA_DICROGLOSSIDAE_Leptopelis_liui
AMPHIBIA_ANURA_DICROGLOSSIDAE_Limnonectes_liui	AMPHIBIA_ANURA_DICROGLOSSIDAE_Platymantis_liui
AMPHIBIA_ANURA_MEGOPHRYIDAE_Megophrys_feii	AMPHIBIA_ANURA_MEGOPHRYIDAE_Megophrys_feii
AMPHIBIA_ANURA_MEGOPHRYIDAE_Megophrys_koui	AMPHIBIA_ANURA_MEGOPHRYIDAE_Ophryophryne_pachyproctus
AMPHIBIA_ANURA_MEGOPHRYIDAE_Megophrys_liboensis	AMPHIBIA_ANURA_MEGOPHRYIDAE_Xenophrys_liboensis
AMPHIBIA_ANURA_MEGOPHRYIDAE_Megophrys_shuichengensis	AMPHIBIA_ANURA_MEGOPHRYIDAE_Xenophrys_shuichengensis
AMPHIBIA_ANURA_DICROGLOSSIDAE_Nanorana_feae	AMPHIBIA_ANURA_DICROGLOSSIDAE_Paa_feae
AMPHIBIA_ANURA_DICROGLOSSIDAE_Nanorana_minica	AMPHIBIA_ANURA_DICROGLOSSIDAE_Paa_minica_minica
AMPHIBIA_ANURA_DICROGLOSSIDAE_Nanorana_minica	AMPHIBIA_ANURA_DICROGLOSSIDAE_Rana_minica
AMPHIBIA_ANURA_DICROGLOSSIDAE_Nanorana_minica	AMPHIBIA_ANURA_DICROGLOSSIDAE_Rana_tuberculata
AMPHIBIA_ANURA_RANIDAE_Odorrana_cangyuanensis	AMPHIBIA_ANURA_RANIDAE_Rana_cangyuanensis
AMPHIBIA_ANURA_DICROGLOSSIDAE_Ombrana_sikimensis	AMPHIBIA_ANURA_DICROGLOSSIDAE_Rana_assamensis
AMPHIBIA_ANURA_DICROGLOSSIDAE_Ombrana_sikimensis	AMPHIBIA_ANURA_DICROGLOSSIDAE_Rana_sikimensis
AMPHIBIA_ANURA_MEGOPHRYIDAE_Oreolalax_granulosus	AMPHIBIA_ANURA_MEGOPHRYIDAE_Oreolalax_granulosus
AMPHIBIA_ANURA_MEGOPHRYIDAE_Oreolalax_puxiongensis	AMPHIBIA_ANURA_MEGOPHRYIDAE_Oreolalax_puxiongensis
AMPHIBIA_ANURA_MEGOPHRYIDAE_Oreolalax_weigoldi	AMPHIBIA_ANURA_MEGOPHRYIDAE_Megalophrys_weigoldi
AMPHIBIA_ANURA_RANIDAE_Papurana_milleti	AMPHIBIA_ANURA_RANIDAE_Hylarana_milleti
AMPHIBIA_ANURA_RANIDAE_Papurana_milleti	AMPHIBIA_ANURA_RANIDAE_Indosylvirana_milleti
AMPHIBIA_ANURA_RANIDAE_Papurana_milleti	AMPHIBIA_ANURA_RANIDAE_Rana_bannanica
AMPHIBIA_ANURA_RANIDAE_Papurana_milleti	AMPHIBIA_ANURA_RANIDAE_Rana_milleti
AMPHIBIA_ANURA_RANIDAE_Pelophylax_tenggerensis	AMPHIBIA_ANURA_RANIDAE_Rana_tenggerensis
AMPHIBIA_ANURA_RHACOPHORIDAE_Philautus_kempii	AMPHIBIA_ANURA_RHACOPHORIDAE_Philautus_kempii
AMPHIBIA_ANURA_RHACOPHORIDAE_Philautus_maosonensis	AMPHIBIA_ANURA_RHACOPHORIDAE_Philautus_maosonensis
AMPHIBIA_ANURA_RHACOPHORIDAE_Philautus_tytthus	AMPHIBIA_ANURA_RHACOPHORIDAE_Philautus_tytthus
AMPHIBIA_ANURA_DICROGLOSSIDAE_Quasipaa_acanthophora	AMPHIBIA_ANURA_DICROGLOSSIDAE_Quasipaa_acanthophora
AMPHIBIA_ANURA_RANIDAE_Rana_chevronta	AMPHIBIA_ANURA_RANIDAE_Rana_chevronta
AMPHIBIA_ANURA_RANIDAE_Rana_luanchuanensis	AMPHIBIA_ANURA_RANIDAE_Rana_luanchuanensis
AMPHIBIA_ANURA_RHACOPHORIDAE_Raorchestes_andersoni	AMPHIBIA_ANURA_RHACOPHORIDAE_Ixalus_tuberculatus
AMPHIBIA_ANURA_RHACOPHORIDAE_Raorchestes_andersoni	AMPHIBIA_ANURA_RHACOPHORIDAE_Philautus_andersoni
AMPHIBIA_ANURA_RHACOPHORIDAE_Raorchestes_andersoni	AMPHIBIA_ANURA_RHACOPHORIDAE_Theloderma_andersoni
AMPHIBIA_ANURA_RHACOPHORIDAE_Rhacophorus_laoshan	AMPHIBIA_ANURA_RHACOPHORIDAE_Rhacophorus_laoshan
AMPHIBIA_ANURA_MEGOPHRYIDAE_Scutiger_adungensis	AMPHIBIA_ANURA_MEGOPHRYIDAE_Scutiger_adungensis
AMPHIBIA_ANURA_MEGOPHRYIDAE_Scutiger_brevipes	AMPHIBIA_ANURA_MEGOPHRYIDAE_Aelurophryne_brevipes
AMPHIBIA_ANURA_MEGOPHRYIDAE_Scutiger_maculatus	AMPHIBIA_ANURA_MEGOPHRYIDAE_Aelurophryne_maculata
AMPHIBIA_ANURA_MEGOPHRYIDAE_Scutiger_pingwuensis	AMPHIBIA_ANURA_MEGOPHRYIDAE_Scutiger_pingwuensis
AMPHIBIA_ANURA_MEGOPHRYIDAE_Scutiger_wanglangensis	AMPHIBIA_ANURA_MEGOPHRYIDAE_Scutiger_wanglangensis
AMPHIBIA_ANURA_RHACOPHORIDAE_Zhangixalus_arvalis	AMPHIBIA_ANURA_RHACOPHORIDAE_Rhacophorus_arvalis
AMPHIBIA_ANURA_RHACOPHORIDAE_Zhangixalus_aurantiventris	AMPHIBIA_ANURA_RHACOPHORIDAE_Rhacophorus_aurantiventris
AMPHIBIA_ANURA_RHACOPHORIDAE_Zhangixalus_chenfui	AMPHIBIA_ANURA_RHACOPHORIDAE_Polypedates_chenfui
AMPHIBIA_ANURA_RHACOPHORIDAE_Zhangixalus_chenfui	AMPHIBIA_ANURA_RHACOPHORIDAE_Rhacophorus_chenfui
AMPHIBIA_ANURA_RHACOPHORIDAE_Zhangixalus_dennysi	AMPHIBIA_ANURA_RHACOPHORIDAE_Rhacophorus_dennysi
AMPHIBIA_ANURA_RHACOPHORIDAE_Zhangixalus_hui	AMPHIBIA_ANURA_RHACOPHORIDAE_Polypedates_zhaojuensis
AMPHIBIA_ANURA_RHACOPHORIDAE_Zhangixalus_hui	AMPHIBIA_ANURA_RHACOPHORIDAE_Rhacophorus_hui
AMPHIBIA_ANURA_RHACOPHORIDAE_Zhangixalus_hui	AMPHIBIA_ANURA_RHACOPHORIDAE_Rhacophorus_zhaojuensis
AMPHIBIA_ANURA_RHACOPHORIDAE_Zhangixalus_hungfuensis	AMPHIBIA_ANURA_RHACOPHORIDAE_Polypedates_hungfuensis
AMPHIBIA_ANURA_RHACOPHORIDAE_Zhangixalus_hungfuensis	AMPHIBIA_ANURA_RHACOPHORIDAE_Rhacophorus_hungfuensis
AMPHIBIA_ANURA_RHACOPHORIDAE_Zhangixalus_leucofasciatus	AMPHIBIA_ANURA_RHACOPHORIDAE_Rhacophorus_leucofasciatus
AMPHIBIA_ANURA_RHACOPHORIDAE_Zhangixalus_lishuiensis	AMPHIBIA_ANURA_RHACOPHORIDAE_Rhacophorus_lishuiensis
AMPHIBIA_ANURA_RHACOPHORIDAE_Zhangixalus_minimus	AMPHIBIA_ANURA_RHACOPHORIDAE_Rhacophorus_minimus
AMPHIBIA_ANURA_RHACOPHORIDAE_Zhangixalus_nigropunctatus	AMPHIBIA_ANURA_RHACOPHORIDAE_Polypedates_nigropunctatus
AMPHIBIA_ANURA_RHACOPHORIDAE_Zhangixalus_nigropunctatus	AMPHIBIA_ANURA_RHACOPHORIDAE_Rhacophorus_nigropunctatus
AMPHIBIA_ANURA_RHACOPHORIDAE_Zhangixalus_prasinatus	AMPHIBIA_ANURA_RHACOPHORIDAE_Rhacophorus_prasinatus
AMPHIBIA_ANURA_RHACOPHORIDAE_Zhangixalus_prasinatus	AMPHIBIA_ANURA_RHACOPHORIDAE_Rhacophorus_smaragdinus
AMPHIBIA_ANURA_RHACOPHORIDAE_Zhangixalus_wui	AMPHIBIA_ANURA_RHACOPHORIDAE_Rhacophorus_wui
AMPHIBIA_ANURA_RHACOPHORIDAE_Zhangixalus_yaoshanensis	AMPHIBIA_ANURA_RHACOPHORIDAE_Polypedates_yaoshanensis
AMPHIBIA_ANURA_RHACOPHORIDAE_Zhangixalus_yaoshanensis	AMPHIBIA_ANURA_RHACOPHORIDAE_Rhacophorus_yaoshanensis
AMPHIBIA_ANURA_RHACOPHORIDAE_Zhangixalus_yinggelingensis	AMPHIBIA_ANURA_RHACOPHORIDAE_Rhacophorus_yinggelingensis
AVES_PASSERIFORMES_STURNIDAE_Acridotheres_burmannicus	AVES_PASSERIFORMES_STURNIDAE_Acridotheres_burmannicus
AVES_PASSERIFORMES_LEIOTRICHIDAE_Actinodura_radcliffei	AVES_PASSERIFORMES_LEIOTRICHIDAE_Actinodura_radcliffei
AVES_PASSERIFORMES_AEGITHALIDAE_Aegithalos_iredalei	AVES_PASSERIFORMES_AEGITHALIDAE_Aegithalos_iredalei
AVES_PASSERIFORMES_NECTARINIIDAE_Aethopyga_latouchii	AVES_PASSERIFORMES_NECTARINIIDAE_Aethopyga_latouchii
AVES_PASSERIFORMES_FRINGILLIDAE_Agraphospiza_rubescens	AVES_PASSERIFORMES_FRINGILLIDAE_Carpodacus_rubescens
AVES_PASSERIFORMES_STURNIDAE_Agropsar_philippensis	AVES_PASSERIFORMES_STURNIDAE_Sturnus_philippensis
AVES_PASSERIFORMES_ALAUDIDAE_Alauda_leucoptera	AVES_PASSERIFORMES_ALAUDIDAE_Melanocorypha_leucoptera
AVES_PASSERIFORMES_ALAUDIDAE_Alaudala_rufescens	AVES_PASSERIFORMES_ALAUDIDAE_Alaudala_cheleensis
AVES_PASSERIFORMES_PYCNONOTIDAE_Alcurus_striatus	AVES_PASSERIFORMES_PYCNONOTIDAE_Pycnonotus_striatus
AVES_PSITTACIFORMES_PSITTACIDAE_Alexandrinus_krameri	AVES_PSITTACIFORMES_PSITTACIDAE_Psittacula_krameri
AVES_ANSERIFORMES_ANATIDAE_Anser_cygnoid	AVES_ANSERIFORMES_ANATIDAE_Anser_cygnoides
AVES_STRIGIFORMES_STRIGIDAE_Bubo_coromandus	AVES_STRIGIFORMES_STRIGIDAE_Bubo_coromandus
AVES_CHARADRIIFORMES_SCOLOPACIDAE_Calidris_falcinellus	AVES_CHARADRIIFORMES_SCOLOPACIDAE_Limicola_falcinellus
AVES_PASSERIFORMES_MUSCICAPIDAE_Calliope_tschebaiewi	AVES_PASSERIFORMES_MUSCICAPIDAE_Calliope_tschebaiewi
AVES_PASSERIFORMES_FRINGILLIDAE_Carpodacus_dubius	AVES_PASSERIFORMES_FRINGILLIDAE_Carpodacus_dubius
AVES_PASSERIFORMES_FRINGILLIDAE_Carpodacus_sipahi	AVES_PASSERIFORMES_FRINGILLIDAE_Haematospiza_sipahi
AVES_PASSERIFORMES_FRINGILLIDAE_Carpodacus_stoliczkae	AVES_PASSERIFORMES_FRINGILLIDAE_Carpodacus_stoliczkae
AVES_PASSERIFORMES_FRINGILLIDAE_Carpodacus_subhimachalus	AVES_PASSERIFORMES_FRINGILLIDAE_Pinicola_subhimachala
AVES_PASSERIFORMES_FRINGILLIDAE_Carpodacus_subhimachalus	AVES_PASSERIFORMES_FRINGILLIDAE_Pinicola_subhimachalus_
AVES_PASSERIFORMES_FRINGILLIDAE_Carpodacus_verreauxii	AVES_PASSERIFORMES_FRINGILLIDAE_Carpodacus_verreauxii
AVES_PASSERIFORMES_FRINGILLIDAE_Carpodacus_waltoni	AVES_PASSERIFORMES_FRINGILLIDAE_Carpodacus_waltoni
AVES_PASSERIFORMES_SYLVIIDAE_Chleuasicus_atrosuperciliaris	AVES_PASSERIFORMES_SYLVIIDAE_Paradoxornis_atrosuperciliaris
AVES_PASSERIFORMES_CHLOROPSEIDAE_Chloropsis_lazulina	AVES_PASSERIFORMES_CHLOROPSEIDAE_Chloropsis_lazulina
AVES_PASSERIFORMES_CHLOROPSEIDAE_Chloropsis_moluccensis	AVES_PASSERIFORMES_CHLOROPSEIDAE_Chloropsis_moluccensis
AVES_PASSERIFORMES_SYLVIIDAE_Cholornis_paradoxus	AVES_PASSERIFORMES_SYLVIIDAE_Paradoxornis_paradoxus
AVES_PICIFORMES_PICIDAE_Chrysocolaptes_guttacristatus	AVES_PICIFORMES_PICIDAE_Chrysocolaptes_guttacristatus
AVES_COLUMBIFORMES_COLUMBIDAE_Columba_eversmanni	AVES_COLUMBIFORMES_COLUMBIDAE_Columba_eversmanni
AVES_COLUMBIFORMES_COLUMBIDAE_Columba_punicea	AVES_COLUMBIFORMES_COLUMBIDAE_Columba_punicea
AVES_CORACIIFORMES_CORACIIDAE_Coracias_affinis	AVES_CORACIIFORMES_CORACIIDAE_Coracias_affinis
AVES_PASSERIFORMES_MUSCICAPIDAE_Cyanecula_svecica	AVES_PASSERIFORMES_MUSCICAPIDAE_Luscinia_svecica
AVES_PASSERIFORMES_TIMALIIDAE_Cyanoderma_chrysaeum	AVES_PASSERIFORMES_TIMALIIDAE_Stachyris_chrysaea
AVES_PASSERIFORMES_MUSCICAPIDAE_Cyornis_brunneatus	AVES_PASSERIFORMES_MUSCICAPIDAE_Cyornis_brunneatus
AVES_PASSERIFORMES_HIRUNDINIDAE_Delichon_lagopodum	AVES_PASSERIFORMES_HIRUNDINIDAE_Delichon_lagopodum
AVES_PASSERIFORMES_HIRUNDINIDAE_Delichon_nipalense	AVES_PASSERIFORMES_HIRUNDINIDAE_Delichon_nipalensis_
AVES_PASSERIFORMES_DICRURIDAE_Dicrurus_annectens	AVES_PASSERIFORMES_DICRURIDAE_Dicrurus_annectans
AVES_PICIFORMES_PICIDAE_Dryobates_pernyii	AVES_PICIFORMES_PICIDAE_Dryobates_pernyii
AVES_PASSERIFORMES_EMBERIZIDAE_Emberiza_lathami	AVES_PASSERIFORMES_EMBERIZIDAE_Melophus_lathami
AVES_PASSERIFORMES_TIMALIIDAE_Erythrogenys_erythrocnemis	AVES_PASSERIFORMES_TIMALIIDAE_Pomatorhinus_erythrocnemis
AVES_PASSERIFORMES_TIMALIIDAE_Erythrogenys_hypoleucos	AVES_PASSERIFORMES_TIMALIIDAE_Pomatorhinus_hypoleucos
AVES_CHARADRIIFORMES_BURHINIDAE_Esacus_recurvirostris	AVES_CHARADRIIFORMES_BURHINIDAE_Burhinus_recurvirostris
AVES_PASSERIFORMES_MUSCICAPIDAE_Ficedula_erithacus	AVES_PASSERIFORMES_MUSCICAPIDAE_Ficedula_sordida
AVES_PASSERIFORMES_MUSCICAPIDAE_Ficedula_hodgsoni	AVES_PASSERIFORMES_MUSCICAPIDAE_Muscicapella_hodgsoni
AVES_PASSERIFORMES_SYLVIIDAE_Fulvetta_striaticollis	AVES_PASSERIFORMES_SYLVIIDAE_Alcippe_striaticollis
AVES_CHARADRIIFORMES_SCOLOPACIDAE_Gallinago_nemoricola	AVES_CHARADRIIFORMES_SCOLOPACIDAE_Gallinago_nemoricola
AVES_PASSERIFORMES_PELLORNEIDAE_Gampsorhynchus_torquatus	AVES_PASSERIFORMES_PELLORNEIDAE_Gampsorhynchus_torquatus
AVES_PASSERIFORMES_LEIOTRICHIDAE_Garrulax_cinereiceps	AVES_PASSERIFORMES_LEIOTRICHIDAE_Garrulax_cinereiceps
AVES_PASSERIFORMES_LEIOTRICHIDAE_Garrulax_monachus	AVES_PASSERIFORMES_LEIOTRICHIDAE_Garrulax_monachus
AVES_PASSERIFORMES_LEIOTRICHIDAE_Garrulax_ruficeps	AVES_PASSERIFORMES_LEIOTRICHIDAE_Garrulax_ruficeps
AVES_PASSERIFORMES_CORVIDAE_Garrulus_bispecularis	AVES_PASSERIFORMES_CORVIDAE_Garrulus_bispecularis
AVES_PASSERIFORMES_CORVIDAE_Garrulus_leucotis	AVES_PASSERIFORMES_CORVIDAE_Garrulus_leucotis
AVES_CHARADRIIFORMES_GLAREOLIDAE_Glareola_lactea	AVES_CHARADRIIFORMES_GLAREOLIDAE_Glareola_lactea
AVES_PASSERIFORMES_PELLORNEIDAE_Graminicola_striatus	AVES_PASSERIFORMES_PELLORNEIDAE_Graminicola_striatus
AVES_PASSERIFORMES_LOCUSTELLIDAE_Helopsaltes_certhiola	AVES_PASSERIFORMES_LOCUSTELLIDAE_Locustella_certhiola
AVES_PASSERIFORMES_LOCUSTELLIDAE_Helopsaltes_fasciolata	AVES_PASSERIFORMES_LOCUSTELLIDAE_Locustella_fasciolata
AVES_PASSERIFORMES_LOCUSTELLIDAE_Helopsaltes_ochotensis	AVES_PASSERIFORMES_LOCUSTELLIDAE_Locustella_ochotensis
AVES_PASSERIFORMES_LOCUSTELLIDAE_Helopsaltes_pleskei	AVES_PASSERIFORMES_LOCUSTELLIDAE_Locustella_pleskei
AVES_PASSERIFORMES_LOCUSTELLIDAE_Helopsaltes_pryeri	AVES_PASSERIFORMES_LOCUSTELLIDAE_Locustella_pryeri
AVES_PASSERIFORMES_LOCUSTELLIDAE_Helopsaltes_pryeri	AVES_PASSERIFORMES_LOCUSTELLIDAE_Megalurus_pryeri
AVES_CAPRIMULGIFORMES_HEMIPROCNIDAE_Hemiprocne_coronata	AVES_CAPRIMULGIFORMES_HEMIPROCNIDAE_Hemiprocne_coronata
AVES_PASSERIFORMES_SCOTOCERCIDAE_Hemitesia_pallidipes	AVES_PASSERIFORMES_SCOTOCERCIDAE_Cettia_pallidipes
AVES_PSITTACIFORMES_PSITTACIDAE_Himalayapsitta_finschii	AVES_PSITTACIFORMES_PSITTACIDAE_Psittacula_finschii
AVES_PSITTACIFORMES_PSITTACIDAE_Himalayapsitta_roseata	AVES_PSITTACIFORMES_PSITTACIDAE_Psittacula_roseata
AVES_CAPRIMULGIFORMES_APODIDAE_Hirundapus_cochinchinensis	AVES_CAPRIMULGIFORMES_APODIDAE_Hirundapus_cochinchinensis
AVES_PASSERIFORMES_PITTIDAE_Hydrornis_cyaneus	AVES_PASSERIFORMES_PITTIDAE_Pitta_cyanea
AVES_ACCIPITRIFORMES_ACCIPITRIDAE_Icthyophaga_humilis	AVES_ACCIPITRIFORMES_ACCIPITRIDAE_Ichthyophaga_humilis
AVES_ACCIPITRIFORMES_ACCIPITRIDAE_Ictinaetus_malaiensis	AVES_ACCIPITRIFORMES_ACCIPITRIDAE_Ictinaetus_malayensis
AVES_PASSERIFORMES_MUSCICAPIDAE_Kittacincla_malabarica	AVES_PASSERIFORMES_MUSCICAPIDAE_Kittacincla_malabarica
AVES_PASSERIFORMES_NECTARINIIDAE_Kurochkinegramma_hypogrammica	AVES_PASSERIFORMES_NECTARINIIDAE_Arachnothera_hypogrammica
AVES_PASSERIFORMES_NECTARINIIDAE_Kurochkinegramma_hypogrammica	AVES_PASSERIFORMES_NECTARINIIDAE_Arachnothera_hypogrammicum
AVES_PASSERIFORMES_NECTARINIIDAE_Kurochkinegramma_hypogrammica	AVES_PASSERIFORMES_NECTARINIIDAE_Hypogramma_hypogrammicum
AVES_PASSERIFORMES_CAMPEPHAGIDAE_Lalage_melaschistos	AVES_PASSERIFORMES_CAMPEPHAGIDAE_Coracina_melaschistos
AVES_PASSERIFORMES_LANIIDAE_Lanius_borealis	AVES_PASSERIFORMES_LANIIDAE_Lanius_borealis
AVES_PASSERIFORMES_LANIIDAE_Lanius_giganteus	AVES_PASSERIFORMES_LANIIDAE_Lanius_giganteus
AVES_PASSERIFORMES_LANIIDAE_Lanius_phoenicuroides	AVES_PASSERIFORMES_LANIIDAE_Lanius_phoenicuroides
AVES_PASSERIFORMES_MUSCICAPIDAE_Larvivora_cyane	AVES_PASSERIFORMES_MUSCICAPIDAE_Luscinia_cyane
AVES_GRUIFORMES_GRUIDAE_Leucogeranus_leucogeranus	AVES_GRUIFORMES_GRUIDAE_Grus_leucogeranus
AVES_PASSERIFORMES_LOCUSTELLIDAE_Locustella_alishanensis	AVES_PASSERIFORMES_LOCUSTELLIDAE_Bradypterus_alishanensis
AVES_PASSERIFORMES_LOCUSTELLIDAE_Locustella_davidi	AVES_PASSERIFORMES_LOCUSTELLIDAE_Bradypterus_davidi
AVES_PASSERIFORMES_LOCUSTELLIDAE_Locustella_luteoventris	AVES_PASSERIFORMES_LOCUSTELLIDAE_Bradypterus_luteoventris
AVES_PASSERIFORMES_LOCUSTELLIDAE_Locustella_major	AVES_PASSERIFORMES_LOCUSTELLIDAE_Bradypterus_major
AVES_PASSERIFORMES_LOCUSTELLIDAE_Locustella_tacsanowskia	AVES_PASSERIFORMES_LOCUSTELLIDAE_Bradypterus_tacsanowskius
AVES_PASSERIFORMES_LOCUSTELLIDAE_Locustella_thoracica	AVES_PASSERIFORMES_LOCUSTELLIDAE_Locustella_thoracica
AVES_ANSERIFORMES_ANATIDAE_Melanitta_stejnegeri	AVES_ANSERIFORMES_ANATIDAE_Melanitta_fusca
AVES_PASSERIFORMES_MUSCICAPIDAE_Myophonus_insularis	AVES_PASSERIFORMES_MUSCICAPIDAE_Myophonus_insularis
AVES_PASSERIFORMES_SYLVIIDAE_Neosuthora_davidiana	AVES_PASSERIFORMES_SYLVIIDAE_Paradoxornis_davidianus
AVES_PASSERIFORMES_MUSCICAPIDAE_Niltava_oatesi	AVES_PASSERIFORMES_MUSCICAPIDAE_Niltava_oatesi
AVES_PELECANIFORMES_ARDEIDAE_Oroanassa_magnifica	AVES_PELECANIFORMES_ARDEIDAE_Gorsachius_magnificus
AVES_PELECANIFORMES_ARDEIDAE_Oroanassa_magnifica	AVES_PELECANIFORMES_ARDEIDAE_Nycticorax_magnificus
AVES_PASSERIFORMES_TURDIDAE_Otocichla_mupinensis	AVES_PASSERIFORMES_TURDIDAE_Turdus_mupinensis
AVES_PASSERIFORMES_PASSERIDAE_Passer_cinnamomeus	AVES_PASSERIFORMES_PASSERIDAE_Passer_cinnamomeus
AVES_CUCULIFORMES_CUCULIDAE_Phaenicophaeus_tristis	AVES_CUCULIFORMES_CUCULIDAE_Phaenicophaeus_tristis
AVES_PASSERIFORMES_PHYLLOSCOPIDAE_Phylloscopus_intensior	AVES_PASSERIFORMES_PHYLLOSCOPIDAE_Phylloscopus_davisoni
AVES_PASSERIFORMES_PHYLLOSCOPIDAE_Phylloscopus_intermedius	AVES_PASSERIFORMES_PHYLLOSCOPIDAE_Seicercus_affinis
AVES_PASSERIFORMES_PHYLLOSCOPIDAE_Phylloscopus_tristis	AVES_PASSERIFORMES_PHYLLOSCOPIDAE_Phylloscopus_tristis
AVES_PICIFORMES_PICIDAE_Picoides_funebris	AVES_PICIFORMES_PICIDAE_Picoides_funebris
AVES_PICIFORMES_PICIDAE_Picus_guerini	AVES_PICIFORMES_PICIDAE_Picus_guerini
AVES_PASSERIFORMES_TIMALIIDAE_Pomatorhinus_phayrei	AVES_PASSERIFORMES_TIMALIIDAE_Pomatorhinus_phayrei
AVES_PASSERIFORMES_CISTICOLIDAE_Prinia_sonitans	AVES_PASSERIFORMES_CISTICOLIDAE_Prinia_sonitans
AVES_PICIFORMES_MEGALAIMIDAE_Psilopogon_asiaticus	AVES_PICIFORMES_MEGALAIMIDAE_Psilopogon_asiaticus
AVES_PICIFORMES_MEGALAIMIDAE_Psilopogon_cyanotis	AVES_PICIFORMES_MEGALAIMIDAE_Psilopogon_cyanotis
AVES_PICIFORMES_MEGALAIMIDAE_Psilopogon_faber	AVES_PICIFORMES_MEGALAIMIDAE_Megalaima_faber
AVES_PICIFORMES_MEGALAIMIDAE_Psilopogon_faiostrictus	AVES_PICIFORMES_MEGALAIMIDAE_Megalaima_faiostricta
AVES_PICIFORMES_MEGALAIMIDAE_Psilopogon_franklinii	AVES_PICIFORMES_MEGALAIMIDAE_Psilopogon_franklinii
AVES_PICIFORMES_MEGALAIMIDAE_Psilopogon_lineatus	AVES_PICIFORMES_MEGALAIMIDAE_Megalaima_lineata
AVES_PASSERIFORMES_SYLVIIDAE_Psittiparus_bakeri	AVES_PASSERIFORMES_SYLVIIDAE_Paradoxornis_bakeri
AVES_GRUIFORMES_RALLIDAE_Rallus_indicus	AVES_GRUIFORMES_RALLIDAE_Rallus_indicus
AVES_COLUMBIFORMES_COLUMBIDAE_Ramphiculus_leclancheri	AVES_COLUMBIFORMES_COLUMBIDAE_Ptilinopus_leclancheri
AVES_PASSERIFORMES_SYLVIIDAE_Rhopophilus_albosuperciliaris	AVES_PASSERIFORMES_SYLVIIDAE_Rhopophilus_albosuperciliaris
AVES_PASSERIFORMES_PYCNONOTIDAE_Rubigula_flaviventris	AVES_PASSERIFORMES_PYCNONOTIDAE_Pycnonotus_flaviventris
AVES_PASSERIFORMES_PELLORNEIDAE_Schoeniparus_brunneus	AVES_PASSERIFORMES_PELLORNEIDAE_Alcippe_brunnea
AVES_PASSERIFORMES_PELLORNEIDAE_Schoeniparus_cinereus	AVES_PASSERIFORMES_PELLORNEIDAE_Alcippe_cinerea
AVES_PASSERIFORMES_PELLORNEIDAE_Schoeniparus_dubius	AVES_PASSERIFORMES_PELLORNEIDAE_Alcippe_dubia
AVES_PASSERIFORMES_LEIOTRICHIDAE_Sibia_morrisoniana	AVES_PASSERIFORMES_LEIOTRICHIDAE_Actinodura_morrisoniana
AVES_PASSERIFORMES_LEIOTRICHIDAE_Sibia_waldeni	AVES_PASSERIFORMES_LEIOTRICHIDAE_Actinodura_waldeni
AVES_PASSERIFORMES_SYLVIIDAE_Sinosuthora_brunnea	AVES_PASSERIFORMES_SYLVIIDAE_Sinosuthora_brunnea
AVES_PASSERIFORMES_SYLVIIDAE_Sinosuthora_przewalskii	AVES_PASSERIFORMES_SYLVIIDAE_Paradoxornis_przewalskii
AVES_PASSERIFORMES_SYLVIIDAE_Sinosuthora_ricketti	AVES_PASSERIFORMES_SYLVIIDAE_Sinosuthora_ricketti
AVES_PASSERIFORMES_SITTIDAE_Sitta_solangiae	AVES_PASSERIFORMES_SITTIDAE_Sitta_solangiae
AVES_PASSERIFORMES_TIMALIIDAE_Spelaeornis_reptatus	AVES_PASSERIFORMES_TIMALIIDAE_Spelaeornis_reptatus
AVES_PASSERIFORMES_FRINGILLIDAE_Spinus_thibetanus	AVES_PASSERIFORMES_FRINGILLIDAE_Serinus_thibetanus
AVES_PASSERIFORMES_STURNIDAE_Spodiopsar_cineraceus	AVES_PASSERIFORMES_STURNIDAE_Sturnus_cineraceus
AVES_PASSERIFORMES_STURNIDAE_Spodiopsar_sericeus	AVES_PASSERIFORMES_STURNIDAE_Sturnus_sericeus
AVES_PASSERIFORMES_TIMALIIDAE_Stachyris_roberti	AVES_PASSERIFORMES_TIMALIIDAE_Sphenocichla_roberti
AVES_CUCULIFORMES_CUCULIDAE_Surniculus_dicruroides	AVES_CUCULIFORMES_CUCULIDAE_Surniculus_dicruroides
AVES_PASSERIFORMES_SYLVIIDAE_Suthora_fulvifrons	AVES_PASSERIFORMES_SYLVIIDAE_Paradoxornis_fulvifrons
AVES_PASSERIFORMES_SYLVIIDAE_Suthora_verreauxi	AVES_PASSERIFORMES_SYLVIIDAE_Paradoxornis_verreauxi
AVES_GALLIFORMES_PHASIANIDAE_Synoicus_chinensis	AVES_GALLIFORMES_PHASIANIDAE_Coturnix_chinensis_old
AVES_PTEROCLIFORMES_PTEROCLIDAE_Syrrhaptes_tibetanus	AVES_PTEROCLIFORMES_PTEROCLIDAE_Syrrhaptes_tibetanus
AVES_PASSERIFORMES_MONARCHIDAE_Terpsiphone_affinis	AVES_PASSERIFORMES_MONARCHIDAE_Terpsiphone_affinis
AVES_PASSERIFORMES_MONARCHIDAE_Terpsiphone_incei	AVES_PASSERIFORMES_MONARCHIDAE_Terpsiphone_incei
AVES_PASSERIFORMES_PELLORNEIDAE_Trichastoma_tickelli	AVES_PASSERIFORMES_PELLORNEIDAE_Trichastoma_tickelli
AVES_PASSERIFORMES_PELLORNEIDAE_Turdinus_crispifrons	AVES_PASSERIFORMES_PELLORNEIDAE_Gypsophila_crispifrons
AVES_PASSERIFORMES_CORVIDAE_Urocissa_whiteheadi	AVES_PASSERIFORMES_CORVIDAE_Urocissa_whiteheadi
AVES_PASSERIFORMES_CORVIDAE_Urocissa_xanthomelana	AVES_PASSERIFORMES_CORVIDAE_Urocissa_xanthomelana
AVES_CHARADRIIFORMES_CHARADRIIDAE_Vanellus_duvaucelii	AVES_CHARADRIIFORMES_CHARADRIIDAE_Vanellus_duvaucelii
AVES_CHARADRIIFORMES_CHARADRIIDAE_Vanellus_gregarius	AVES_CHARADRIIFORMES_CHARADRIIDAE_Chettusia_gregaria
AVES_PASSERIFORMES_ZOSTEROPIDAE_Yuhina_torqueola	AVES_PASSERIFORMES_ZOSTEROPIDAE_Yuhina_torqueola
AVES_GRUIFORMES_RALLIDAE_Zapornia_akool	AVES_GRUIFORMES_RALLIDAE_Amaurornis_akool
AVES_GRUIFORMES_RALLIDAE_Zapornia_bicolor	AVES_GRUIFORMES_RALLIDAE_Amaurornis_bicolor
AVES_GRUIFORMES_RALLIDAE_Zapornia_paykullii	AVES_GRUIFORMES_RALLIDAE_Porzana_paykullii
AVES_GRUIFORMES_RALLIDAE_Zapornia_pusilla	AVES_GRUIFORMES_RALLIDAE_Porzana_pusilla
MAMMALIA_CARNIVORA_MUSTELIDAE_Arctonyx_albogularis	MAMMALIA_CARNIVORA_MUSTELIDAE_Arctonyx_collaris
MAMMALIA_CARNIVORA_MUSTELIDAE_Arctonyx_albogularis	MAMMALIA_CARNIVORA_MUSTELIDAE_Arctonyx_isonyx
MAMMALIA_CARNIVORA_MUSTELIDAE_Arctonyx_albogularis	MAMMALIA_CARNIVORA_MUSTELIDAE_Arctonyx_leucolaemus
MAMMALIA_CARNIVORA_MUSTELIDAE_Arctonyx_albogularis	MAMMALIA_CARNIVORA_MUSTELIDAE_Arctonyx_obscurus
MAMMALIA_CARNIVORA_MUSTELIDAE_Arctonyx_albogularis	MAMMALIA_CARNIVORA_MUSTELIDAE_Arctonyx_taxoides
MAMMALIA_CARNIVORA_MUSTELIDAE_Arctonyx_albogularis	MAMMALIA_CARNIVORA_MUSTELIDAE_Meles_albogularis
MAMMALIA_CARNIVORA_MUSTELIDAE_Arctonyx_albogularis	MAMMALIA_CARNIVORA_MUSTELIDAE_Meles_leucolaemus
MAMMALIA_RODENTIA_MURIDAE_Berylmys_mackenziei	MAMMALIA_RODENTIA_MURIDAE_Berylmys_mackenziei
MAMMALIA_RODENTIA_GLIRIDAE_Chaetocauda_sichuanensis	MAMMALIA_RODENTIA_GLIRIDAE_Dryomys_sichuanensis
MAMMALIA_EULIPOTYPHLA_SORICIDAE_Chodsigoa_lamula	MAMMALIA_EULIPOTYPHLA_SORICIDAE_Soriculus_lamula
MAMMALIA_EULIPOTYPHLA_SORICIDAE_Chodsigoa_salenskii	MAMMALIA_EULIPOTYPHLA_SORICIDAE_Soriculus_salenskii
MAMMALIA_RODENTIA_CRICETIDAE_Cricetulus_tibetanus	MAMMALIA_RODENTIA_CRICETIDAE_Cricetulus_tibetanus
MAMMALIA_EULIPOTYPHLA_SORICIDAE_Crocidura_gmelini	MAMMALIA_EULIPOTYPHLA_SORICIDAE_Crocidura_gmelini
MAMMALIA_CHIROPTERA_VESPERTILIONIDAE_Eptesicus_pachyomus	MAMMALIA_CHIROPTERA_VESPERTILIONIDAE_Eptesicus_pachyomus
MAMMALIA_CHIROPTERA_VESPERTILIONIDAE_Eptesicus_pachyotis	MAMMALIA_CHIROPTERA_VESPERTILIONIDAE_Vesperugo_pachyotis
MAMMALIA_RODENTIA_MURIDAE_Hadromys_yunnanensis	MAMMALIA_RODENTIA_MURIDAE_Hadromys_yunnanensis
MAMMALIA_CHIROPTERA_HIPPOSIDERIDAE_Hipposideros_gentilis	MAMMALIA_CHIROPTERA_HIPPOSIDERIDAE_Hipposideros_gentilis
MAMMALIA_CHIROPTERA_VESPERTILIONIDAE_Hypsugo_affinis	MAMMALIA_CHIROPTERA_VESPERTILIONIDAE_Falsistrellus_affinis
MAMMALIA_CHIROPTERA_VESPERTILIONIDAE_Hypsugo_affinis	MAMMALIA_CHIROPTERA_VESPERTILIONIDAE_Pipistrellus_affinis
MAMMALIA_CHIROPTERA_VESPERTILIONIDAE_Hypsugo_affinis	MAMMALIA_CHIROPTERA_VESPERTILIONIDAE_Vesperugo_affinis
MAMMALIA_CHIROPTERA_MEGADERMATIDAE_Lyroderma_lyra	MAMMALIA_CHIROPTERA_MEGADERMATIDAE_Encheira_lyra
MAMMALIA_CHIROPTERA_MEGADERMATIDAE_Lyroderma_lyra	MAMMALIA_CHIROPTERA_MEGADERMATIDAE_Megaderma_lyra
MAMMALIA_CHIROPTERA_MEGADERMATIDAE_Lyroderma_lyra	MAMMALIA_CHIROPTERA_MEGADERMATIDAE_Megaderma_spectrum
MAMMALIA_CHIROPTERA_MEGADERMATIDAE_Lyroderma_lyra	MAMMALIA_CHIROPTERA_MEGADERMATIDAE_Vespertilio_carnatica
MAMMALIA_CHIROPTERA_VESPERTILIONIDAE_Murina_fusca	MAMMALIA_CHIROPTERA_VESPERTILIONIDAE_Murina_fusca
MAMMALIA_CARNIVORA_MUSTELIDAE_Mustela_russelliana	MAMMALIA_CARNIVORA_MUSTELIDAE_Mustela_nivalis
MAMMALIA_CARNIVORA_MUSTELIDAE_Mustela_russelliana	MAMMALIA_CARNIVORA_MUSTELIDAE_Mustela_aistoodonnivalis
MAMMALIA_RODENTIA_SCIURIDAE_Petaurista_magnificus	MAMMALIA_RODENTIA_SCIURIDAE_Petaurista_magnificus
MAMMALIA_RODENTIA_SCIURIDAE_Petaurista_mechukaensis	MAMMALIA_RODENTIA_SCIURIDAE_Petaurista_mechukaensis
MAMMALIA_RODENTIA_SCIURIDAE_Petaurista_mishmiensis	MAMMALIA_RODENTIA_SCIURIDAE_Petaurista_mishmiensis
MAMMALIA_RODENTIA_SCIURIDAE_Petaurista_nobilis	MAMMALIA_RODENTIA_SCIURIDAE_Sciuropterus_chrysothrix
MAMMALIA_RODENTIA_SCIURIDAE_Petaurista_nobilis	MAMMALIA_RODENTIA_SCIURIDAE_Sciuropterus_nobilis
MAMMALIA_CHIROPTERA_VESPERTILIONIDAE_Pipistrellus_aladdin	MAMMALIA_CHIROPTERA_VESPERTILIONIDAE_Pipistrellus_pipistrellus
MAMMALIA_CHIROPTERA_VESPERTILIONIDAE_Plecotus_ariel	MAMMALIA_CHIROPTERA_VESPERTILIONIDAE_Plecotus_ariel
MAMMALIA_CHIROPTERA_VESPERTILIONIDAE_Plecotus_taivanus	MAMMALIA_CHIROPTERA_VESPERTILIONIDAE_Plecotus_taivanus
MAMMALIA_CHIROPTERA_RHINOLOPHIDAE_Rhinolophus_schnitzleri	MAMMALIA_CHIROPTERA_RHINOLOPHIDAE_Rhinolophus_schnitzleri
MAMMALIA_CHIROPTERA_RHINOLOPHIDAE_Rhinolophus_subbadius	MAMMALIA_CHIROPTERA_RHINOLOPHIDAE_Rhinolophus_garoensis
MAMMALIA_CHIROPTERA_RHINOLOPHIDAE_Rhinolophus_subbadius	MAMMALIA_CHIROPTERA_RHINOLOPHIDAE_Rhinolophus_subbadius
MAMMALIA_CHIROPTERA_RHINOLOPHIDAE_Rhinolophus_yunanensis	MAMMALIA_CHIROPTERA_RHINOLOPHIDAE_Rhinolophus_yunanensis
MAMMALIA_RODENTIA_GLIRIDAE_Selevinia_betpakdalaensis	MAMMALIA_RODENTIA_GLIRIDAE_Selevinia_paradoxa
MAMMALIA_RODENTIA_DIPODIDAE_Sicista_pseudonapaea	MAMMALIA_RODENTIA_DIPODIDAE_Sicista_pseudonapaea
MAMMALIA_EULIPOTYPHLA_SORICIDAE_Sorex_kozlovi	MAMMALIA_EULIPOTYPHLA_SORICIDAE_Sorex_kozlovi
MAMMALIA_EULIPOTYPHLA_SORICIDAE_Sorex_planiceps	MAMMALIA_EULIPOTYPHLA_SORICIDAE_Sorex_planiceps
MAMMALIA_RODENTIA_SCIURIDAE_Spermophilus_ralli	MAMMALIA_RODENTIA_SCIURIDAE_Spermophilus_ralli
MAMMALIA_CHIROPTERA_VESPERTILIONIDAE_Tylonycteris_pygmaeus	MAMMALIA_CHIROPTERA_VESPERTILIONIDAE_Tylonycteris_pygmaeus
REPTILIA_SQUAMATA_XENODERMIDAE_Achalinus_hainanus	REPTILIA_SQUAMATA_XENODERMIDAE_Achalinus_hainanensis
REPTILIA_SQUAMATA_XENODERMIDAE_Achalinus_jinggangensis	REPTILIA_SQUAMATA_XENODERMIDAE_Achalinopsis_jinggangensis
REPTILIA_SQUAMATA_GEKKONIDAE_Alsophylax_przewalskii	REPTILIA_SQUAMATA_GEKKONIDAE_Alsophylax_przewalskii
REPTILIA_SQUAMATA_NATRICIDAE_Amphiesmoides_ornaticeps	REPTILIA_SQUAMATA_NATRICIDAE_Amphiesmoides_ornaticeps
REPTILIA_SQUAMATA_TYPHLOPIDAE_Argyrophis_koshunensis	REPTILIA_SQUAMATA_TYPHLOPIDAE_Asiatyphlops_koshunensis
REPTILIA_SQUAMATA_TYPHLOPIDAE_Argyrophis_koshunensis	REPTILIA_SQUAMATA_TYPHLOPIDAE_Typhlops_koshunensis
REPTILIA_SQUAMATA_GEKKONIDAE_Cyrtodactylus_medogensis	REPTILIA_SQUAMATA_GEKKONIDAE_Cyrtopodion_medogense
REPTILIA_SQUAMATA_GEKKONIDAE_Cyrtodactylus_medogensis	REPTILIA_SQUAMATA_GEKKONIDAE_Tenuidactylus_medogensis
REPTILIA_SQUAMATA_COLUBRIDAE_Dendrelaphis_gorei	REPTILIA_SQUAMATA_COLUBRIDAE_Ahaetulla_gorei
REPTILIA_SQUAMATA_COLUBRIDAE_Dendrelaphis_gorei	REPTILIA_SQUAMATA_COLUBRIDAE_Dendrelaphis_biloreatus
REPTILIA_SQUAMATA_COLUBRIDAE_Dendrelaphis_gorei	REPTILIA_SQUAMATA_COLUBRIDAE_Dendrophis_gorei
REPTILIA_SQUAMATA_COLUBRIDAE_Dendrelaphis_hollinrakei	REPTILIA_SQUAMATA_COLUBRIDAE_Dendrelaphis_hollinrakei
REPTILIA_SQUAMATA_AGAMIDAE_Diploderma_brevicauda	REPTILIA_SQUAMATA_AGAMIDAE_Japalura_brevicauda
REPTILIA_SQUAMATA_AGAMIDAE_Diploderma_grahami	REPTILIA_SQUAMATA_AGAMIDAE_Japalura_grahami
REPTILIA_SQUAMATA_AGAMIDAE_Diploderma_grahami	REPTILIA_SQUAMATA_AGAMIDAE_Phoxophrys_grahami
REPTILIA_SQUAMATA_ANGUIDAE_Dopasia_ludovici	REPTILIA_SQUAMATA_ANGUIDAE_Ophisaurus_ludovici
REPTILIA_SQUAMATA_LACERTIDAE_Eremias_kokshaaliensis	REPTILIA_SQUAMATA_LACERTIDAE_Eremias_kokshaaliensis
REPTILIA_SQUAMATA_LACERTIDAE_Eremias_quadrifrons	REPTILIA_SQUAMATA_LACERTIDAE_Podarces_quadrifrons
REPTILIA_SQUAMATA_GEKKONIDAE_Gekko_bannaense	REPTILIA_SQUAMATA_GEKKONIDAE_Ptychozoon_bannaense
REPTILIA_SQUAMATA_GEKKONIDAE_Gekko_guishanicus	REPTILIA_SQUAMATA_GEKKONIDAE_Gekko_guishanicus
REPTILIA_SQUAMATA_GEKKONIDAE_Gekko_liboensis	REPTILIA_SQUAMATA_GEKKONIDAE_Gekko_liboensis
REPTILIA_SQUAMATA_GEKKONIDAE_Gekko_taibaiensis	REPTILIA_SQUAMATA_GEKKONIDAE_Gekko_taibaiensis
REPTILIA_SQUAMATA_GEKKONIDAE_Gekko_wenxianensis	REPTILIA_SQUAMATA_GEKKONIDAE_Gekko_wenxianensis
REPTILIA_SQUAMATA_NATRICIDAE_Hebius_taronensis	REPTILIA_SQUAMATA_NATRICIDAE_Amphiesma_taronense
REPTILIA_SQUAMATA_NATRICIDAE_Hebius_taronensis	REPTILIA_SQUAMATA_NATRICIDAE_Amphiesma_taronensis
REPTILIA_SQUAMATA_NATRICIDAE_Hebius_taronensis	REPTILIA_SQUAMATA_NATRICIDAE_Amphiesma_venningi
REPTILIA_SQUAMATA_NATRICIDAE_Hebius_taronensis	REPTILIA_SQUAMATA_NATRICIDAE_Hebius_taronense
REPTILIA_SQUAMATA_NATRICIDAE_Hebius_taronensis	REPTILIA_SQUAMATA_NATRICIDAE_Natrix_venningi
REPTILIA_SQUAMATA_GEKKONIDAE_Hemidactylus_stejnegeri	REPTILIA_SQUAMATA_GEKKONIDAE_Hemidactylus_stejnegeri
REPTILIA_SQUAMATA_GEKKONIDAE_Hemidactylus_vietnamensis	REPTILIA_SQUAMATA_GEKKONIDAE_Hemidactylus_vietnamensis
REPTILIA_SQUAMATA_TYPHLOPIDAE_Indotyphlops_lazelli	REPTILIA_SQUAMATA_TYPHLOPIDAE_Typhlops_lazelli
REPTILIA_SQUAMATA_COLUBRIDAE_Lycodon_davisonii	REPTILIA_SQUAMATA_COLUBRIDAE_Dryocalamus_davisonii
REPTILIA_SQUAMATA_COLUBRIDAE_Lycodon_davisonii	REPTILIA_SQUAMATA_COLUBRIDAE_Ulupe_davisonii
REPTILIA_SQUAMATA_COLUBRIDAE_Oligodon_eberhardti	REPTILIA_SQUAMATA_COLUBRIDAE_Oligodon_herberti
REPTILIA_SQUAMATA_COLUBRIDAE_Oligodon_lungshenensis	REPTILIA_SQUAMATA_COLUBRIDAE_Oligodon_lungshenensis
REPTILIA_SQUAMATA_NATRICIDAE_Paratapinophis_praemaxillaris	REPTILIA_SQUAMATA_NATRICIDAE_Opisthotropis_praemaxillaris
REPTILIA_SQUAMATA_NATRICIDAE_Paratapinophis_praemaxillaris	REPTILIA_SQUAMATA_NATRICIDAE_Opisthotropis_premaxillaris
REPTILIA_SQUAMATA_NATRICIDAE_Paratapinophis_praemaxillaris	REPTILIA_SQUAMATA_NATRICIDAE_Paratapinophis_premaxillaris
REPTILIA_SQUAMATA_PSEUDOXENODONTIDAE_Plagiopholis_nuchalis	REPTILIA_SQUAMATA_PSEUDOXENODONTIDAE_Oligodon_evansi
REPTILIA_SQUAMATA_PSEUDOXENODONTIDAE_Plagiopholis_nuchalis	REPTILIA_SQUAMATA_PSEUDOXENODONTIDAE_Trirhinopholis_nuchalis
REPTILIA_SQUAMATA_SCINCIDAE_Plestiodon_leucostictus	REPTILIA_SQUAMATA_SCINCIDAE_Eumeces_chinensis
REPTILIA_SQUAMATA_SCINCIDAE_Plestiodon_popei	REPTILIA_SQUAMATA_SCINCIDAE_Eumeces_popei
REPTILIA_SQUAMATA_SCINCIDAE_Scincella_barbouri	REPTILIA_SQUAMATA_SCINCIDAE_Leiolopisma_barbouri
REPTILIA_SQUAMATA_SCINCIDAE_Scincella_monticola	REPTILIA_SQUAMATA_SCINCIDAE_Leiolopisma_monticola
REPTILIA_SQUAMATA_SCINCIDAE_Scincella_ochracea	REPTILIA_SQUAMATA_SCINCIDAE_Leiolopisma_ochraceum
REPTILIA_SQUAMATA_SCINCIDAE_Scincella_przewalskii	REPTILIA_SQUAMATA_SCINCIDAE_Lygosoma_przewalskii
REPTILIA_SQUAMATA_SCINCIDAE_Scincella_schmidti	REPTILIA_SQUAMATA_SCINCIDAE_Leiolopisma_schmidti
REPTILIA_SQUAMATA_SCINCIDAE_Sphenomorphus_taiwanensis	REPTILIA_SQUAMATA_SCINCIDAE_Sphenomorphus_taiwanensis
REPTILIA_SQUAMATA_GEKKONIDAE_Tenuidactylus_dadunensis	REPTILIA_SQUAMATA_GEKKONIDAE_Cyrtopodion_dadunense
REPTILIA_SQUAMATA_SCINCIDAE_Tropidophorus_guangxiensis	REPTILIA_SQUAMATA_SCINCIDAE_Tropidophorus_guangxiensis
REPTILIA_SQUAMATA_Scincidae_Scincella_ladacensis	REPTILIA_SQUAMATA_Scincidae_Scincella_ladacensis
REPTILIA_SQUAMATA_Gecko_Cyrtopodion_medogense	REPTILIA_SQUAMATA_Gecko_Cyrtopodion_medogense
REPTILIA_SQUAMATA_Agamidae_Diploderma_fasciatum	REPTILIA_SQUAMATA_Agamidae_Diploderma_fasciatum
REPTILIA_SQUAMATA_Scincidae_Sphenomorphus_courcyanum	REPTILIA_SQUAMATA_Scincidae_Sphenomorphus_courcyanum
REPTILIA_SQUAMATA_Lacertidae_Eremias_roborowskii	REPTILIA_SQUAMATA_Lacertidae_Eremias_roborowskii
REPTILIA_SQUAMATA_Gecko_Goniurosaurus_sinensis	REPTILIA_SQUAMATA_Gecko_Goniurosaurus_sinensis
REPTILIA_SQUAMATA_Varanidae_Varanus_irrawadicus	REPTILIA_SQUAMATA_Varanidae_Varanus_irrawadicus
